TIMESTAMP,image_id,status,reason
2025-10-28T21:33:28.428566,ph_0001,IMAGE_READ,Image Read sucessfully
2025-10-28T21:33:28.431218,ph_0002,READ_IMAGE_ERROR,Image exists but could not be decoded by OpenCV.
2025-10-28T21:35:13.266272,ph_0001,IMAGE_READ,Image Read sucessfully
2025-10-28T21:35:13.340234,ph_0002,IMAGE_READ,Image Read sucessfully
2025-10-28T21:35:13.418350,ph_0003,IMAGE_READ,Image Read sucessfully
2025-10-28T21:35:13.491353,ph_0004,IMAGE_READ,Image Read sucessfully
2025-10-28T21:35:13.570621,ph_0005,IMAGE_READ,Image Read sucessfully
2025-10-28T21:35:13.644676,ph_0006,IMAGE_READ,Image Read sucessfully
2025-10-28T21:35:13.710528,ph_0007,IMAGE_READ,Image Read sucessfully
2025-10-28T21:35:13.786271,ph_0008,IMAGE_READ,Image Read sucessfully
2025-10-28T21:35:13.863129,ph_0009,IMAGE_READ,Image Read sucessfully
2025-10-28T21:35:13.939692,ph_0010,IMAGE_READ,Image Read sucessfully
2025-10-28T21:35:14.014099,ph_0011,IMAGE_READ,Image Read sucessfully
2025-10-28T21:35:14.090086,ph_0012,IMAGE_READ,Image Read sucessfully
2025-10-28T21:35:14.168073,ph_0013,IMAGE_READ,Image Read sucessfully
2025-10-28T21:35:14.234135,ph_0014,IMAGE_READ,Image Read sucessfully
2025-10-28T21:35:14.315839,ph_0015,IMAGE_READ,Image Read sucessfully
2025-10-28T21:35:14.392823,ph_0016,IMAGE_READ,Image Read sucessfully
2025-10-28T21:35:14.469985,ph_0017,IMAGE_READ,Image Read sucessfully
2025-10-28T21:35:14.548060,ph_0018,IMAGE_READ,Image Read sucessfully
2025-10-28T21:35:14.639190,ph_0019,IMAGE_READ,Image Read sucessfully
2025-10-28T21:35:14.721428,ph_0020,IMAGE_READ,Image Read sucessfully
2025-10-28T21:35:14.787845,ph_0021,IMAGE_READ,Image Read sucessfully
2025-10-28T21:35:14.790551,ph_0022,READ_IMAGE_ERROR,Image exists but could not be decoded by OpenCV.
2025-10-28T21:35:14.791095,ph_0023,READ_IMAGE_ERROR,Image exists but could not be decoded by OpenCV.
2025-10-28T21:35:14.791637,ph_0024,READ_IMAGE_ERROR,Image exists but could not be decoded by OpenCV.
2025-10-28T21:35:14.792170,ph_0025,READ_IMAGE_ERROR,Image exists but could not be decoded by OpenCV.
2025-10-28T21:35:14.792703,ph_0026,READ_IMAGE_ERROR,Image exists but could not be decoded by OpenCV.
2025-10-28T21:35:14.793223,ph_0027,READ_IMAGE_ERROR,Image exists but could not be decoded by OpenCV.
2025-10-28T21:35:14.793761,ph_0028,READ_IMAGE_ERROR,Image exists but could not be decoded by OpenCV.
2025-10-28T21:35:14.872534,ph_0029,IMAGE_READ,Image Read sucessfully
2025-10-28T21:35:14.956674,ph_0030,IMAGE_READ,Image Read sucessfully
2025-10-28T21:35:15.040981,ph_0031,IMAGE_READ,Image Read sucessfully
2025-10-28T21:35:15.121380,ph_0032,IMAGE_READ,Image Read sucessfully
2025-10-28T21:35:15.199815,ph_0033,IMAGE_READ,Image Read sucessfully
2025-10-28T21:35:15.284500,ph_0034,IMAGE_READ,Image Read sucessfully
2025-10-28T21:35:15.362405,ph_0035,IMAGE_READ,Image Read sucessfully
2025-10-28T21:35:15.447379,ph_0036,IMAGE_READ,Image Read sucessfully
2025-10-28T21:35:15.521126,ph_0037,IMAGE_READ,Image Read sucessfully
2025-10-28T21:35:15.602146,ph_0038,IMAGE_READ,Image Read sucessfully
2025-10-28T21:35:15.675192,ph_0039,IMAGE_READ,Image Read sucessfully
2025-10-28T21:35:15.753156,ph_0040,IMAGE_READ,Image Read sucessfully
2025-10-28T21:35:15.829139,ph_0041,IMAGE_READ,Image Read sucessfully
2025-10-28T21:35:15.899385,ph_0042,IMAGE_READ,Image Read sucessfully
2026-01-20T19:58:18.352757,ph_0001,IMAGE_READ,Image Read sucessfully
2026-01-20T19:58:18.434821,ph_0002,IMAGE_READ,Image Read sucessfully
2026-01-20T19:58:18.511750,ph_0003,IMAGE_READ,Image Read sucessfully
2026-01-20T19:58:18.599827,ph_0004,IMAGE_READ,Image Read sucessfully
2026-01-20T19:58:18.723771,ph_0005,IMAGE_READ,Image Read sucessfully
2026-01-20T19:58:18.801806,ph_0006,IMAGE_READ,Image Read sucessfully
2026-01-20T19:58:18.873754,ph_0007,IMAGE_READ,Image Read sucessfully
2026-01-20T19:58:18.966524,ph_0008,IMAGE_READ,Image Read sucessfully
2026-01-20T19:58:19.045538,ph_0009,IMAGE_READ,Image Read sucessfully
2026-01-20T19:58:19.127836,ph_0010,IMAGE_READ,Image Read sucessfully
2026-01-20T19:58:19.236556,ph_0011,IMAGE_READ,Image Read sucessfully
2026-01-20T19:58:19.326427,ph_0012,IMAGE_READ,Image Read sucessfully
2026-01-20T19:58:19.410727,ph_0013,IMAGE_READ,Image Read sucessfully
2026-01-20T19:58:19.489011,ph_0014,IMAGE_READ,Image Read sucessfully
2026-01-20T19:58:19.571367,ph_0015,IMAGE_READ,Image Read sucessfully
2026-01-20T19:58:19.698909,ph_0016,IMAGE_READ,Image Read sucessfully
2026-01-20T19:58:19.783829,ph_0017,IMAGE_READ,Image Read sucessfully
2026-01-20T19:58:19.864756,ph_0018,IMAGE_READ,Image Read sucessfully
2026-01-20T19:58:19.949968,ph_0019,IMAGE_READ,Image Read sucessfully
2026-01-20T19:58:20.050069,ph_0020,IMAGE_READ,Image Read sucessfully
2026-01-20T19:58:20.203813,ph_0021,IMAGE_READ,Image Read sucessfully
2026-01-20T19:58:20.206936,ph_0022,READ_IMAGE_ERROR,Image exists but could not be decoded by OpenCV.
2026-01-20T19:58:20.207515,ph_0023,READ_IMAGE_ERROR,Image exists but could not be decoded by OpenCV.
2026-01-20T19:58:20.208060,ph_0024,READ_IMAGE_ERROR,Image exists but could not be decoded by OpenCV.
2026-01-20T19:58:20.208529,ph_0025,READ_IMAGE_ERROR,Image exists but could not be decoded by OpenCV.
2026-01-20T19:58:20.208991,ph_0026,READ_IMAGE_ERROR,Image exists but could not be decoded by OpenCV.
2026-01-20T19:58:20.209548,ph_0027,READ_IMAGE_ERROR,Image exists but could not be decoded by OpenCV.
2026-01-20T19:58:20.210116,ph_0028,READ_IMAGE_ERROR,Image exists but could not be decoded by OpenCV.
2026-01-20T19:58:20.290714,ph_0029,IMAGE_READ,Image Read sucessfully
2026-01-20T19:58:20.376596,ph_0030,IMAGE_READ,Image Read sucessfully
2026-01-20T19:58:20.466516,ph_0031,IMAGE_READ,Image Read sucessfully
2026-01-20T19:58:20.551666,ph_0032,IMAGE_READ,Image Read sucessfully
2026-01-20T19:58:20.636726,ph_0033,IMAGE_READ,Image Read sucessfully
2026-01-20T19:58:20.752531,ph_0034,IMAGE_READ,Image Read sucessfully
2026-01-20T19:58:20.903573,ph_0035,IMAGE_READ,Image Read sucessfully
2026-01-20T19:58:21.051833,ph_0036,IMAGE_READ,Image Read sucessfully
2026-01-20T19:58:21.203758,ph_0037,IMAGE_READ,Image Read sucessfully
2026-01-20T19:58:21.344332,ph_0038,IMAGE_READ,Image Read sucessfully
2026-01-20T19:58:21.432544,ph_0039,IMAGE_READ,Image Read sucessfully
2026-01-20T19:58:21.520403,ph_0040,IMAGE_READ,Image Read sucessfully
2026-01-20T19:58:21.605978,ph_0041,IMAGE_READ,Image Read sucessfully
2026-01-20T19:58:21.690108,ph_0042,IMAGE_READ,Image Read sucessfully
2026-01-20T22:21:10.895031,ph_0001,IMAGE_READ,Image Read sucessfully
2026-01-20T22:21:11.008595,ph_0002,IMAGE_READ,Image Read sucessfully
2026-01-20T22:21:11.089536,ph_0003,IMAGE_READ,Image Read sucessfully
2026-01-20T22:21:11.224936,ph_0004,IMAGE_READ,Image Read sucessfully
2026-01-20T22:21:11.342103,ph_0005,IMAGE_READ,Image Read sucessfully
2026-01-20T22:21:11.430324,ph_0006,IMAGE_READ,Image Read sucessfully
2026-01-20T22:21:11.538685,ph_0007,IMAGE_READ,Image Read sucessfully
2026-01-20T22:21:11.742407,ph_0008,IMAGE_READ,Image Read sucessfully
2026-01-20T22:21:11.817035,ph_0009,IMAGE_READ,Image Read sucessfully
2026-01-20T22:21:11.890497,ph_0010,IMAGE_READ,Image Read sucessfully
2026-01-20T22:21:12.004574,ph_0011,IMAGE_READ,Image Read sucessfully
2026-01-20T22:21:12.110705,ph_0012,IMAGE_READ,Image Read sucessfully
2026-01-20T22:21:12.192161,ph_0013,IMAGE_READ,Image Read sucessfully
2026-01-20T22:21:12.265383,ph_0014,IMAGE_READ,Image Read sucessfully
2026-01-20T22:21:12.340191,ph_0015,IMAGE_READ,Image Read sucessfully
2026-01-20T22:21:12.552068,ph_0016,IMAGE_READ,Image Read sucessfully
2026-01-20T22:21:12.704442,ph_0017,IMAGE_READ,Image Read sucessfully
2026-01-20T22:21:12.849803,ph_0018,IMAGE_READ,Image Read sucessfully
2026-01-20T22:21:12.936757,ph_0019,IMAGE_READ,Image Read sucessfully
2026-01-20T22:21:13.025742,ph_0020,IMAGE_READ,Image Read sucessfully
2026-01-20T22:21:13.181443,ph_0021,IMAGE_READ,Image Read sucessfully
2026-01-20T22:21:13.197049,ph_0022,READ_IMAGE_ERROR,Image exists but could not be decoded by OpenCV.
2026-01-20T22:21:13.197566,ph_0023,READ_IMAGE_ERROR,Image exists but could not be decoded by OpenCV.
2026-01-20T22:21:13.198121,ph_0024,READ_IMAGE_ERROR,Image exists but could not be decoded by OpenCV.
2026-01-20T22:21:13.198614,ph_0025,READ_IMAGE_ERROR,Image exists but could not be decoded by OpenCV.
2026-01-20T22:21:13.199053,ph_0026,READ_IMAGE_ERROR,Image exists but could not be decoded by OpenCV.
2026-01-20T22:21:13.199553,ph_0027,READ_IMAGE_ERROR,Image exists but could not be decoded by OpenCV.
2026-01-20T22:21:13.200002,ph_0028,READ_IMAGE_ERROR,Image exists but could not be decoded by OpenCV.
2026-01-20T22:21:13.283637,ph_0029,IMAGE_READ,Image Read sucessfully
2026-01-20T22:21:13.365475,ph_0030,IMAGE_READ,Image Read sucessfully
2026-01-20T22:21:13.455327,ph_0031,IMAGE_READ,Image Read sucessfully
2026-01-20T22:21:13.552845,ph_0032,IMAGE_READ,Image Read sucessfully
2026-01-20T22:21:13.630472,ph_0033,IMAGE_READ,Image Read sucessfully
2026-01-20T22:21:13.781974,ph_0034,IMAGE_READ,Image Read sucessfully
2026-01-20T22:21:14.169420,ph_0035,IMAGE_READ,Image Read sucessfully
2026-01-20T22:21:14.342404,ph_0036,IMAGE_READ,Image Read sucessfully
2026-01-20T22:21:14.493955,ph_0037,IMAGE_READ,Image Read sucessfully
2026-01-20T22:21:14.642909,ph_0038,IMAGE_READ,Image Read sucessfully
2026-01-20T22:21:14.724295,ph_0039,IMAGE_READ,Image Read sucessfully
2026-01-20T22:21:14.824528,ph_0040,IMAGE_READ,Image Read sucessfully
2026-01-20T22:21:15.029472,ph_0041,IMAGE_READ,Image Read sucessfully
2026-01-20T22:21:15.115098,ph_0042,IMAGE_READ,Image Read sucessfully
2026-01-20T22:23:14.435771,ph_0001,IMAGE_READ,Image Read sucessfully
2026-01-20T22:23:14.511898,ph_0002,IMAGE_READ,Image Read sucessfully
2026-01-20T22:23:14.589440,ph_0003,IMAGE_READ,Image Read sucessfully
2026-01-20T22:23:14.671535,ph_0004,IMAGE_READ,Image Read sucessfully
2026-01-20T22:23:14.745447,ph_0005,IMAGE_READ,Image Read sucessfully
2026-01-20T22:23:14.820051,ph_0006,IMAGE_READ,Image Read sucessfully
2026-01-20T22:23:14.893795,ph_0007,IMAGE_READ,Image Read sucessfully
2026-01-20T22:23:14.969693,ph_0008,IMAGE_READ,Image Read sucessfully
2026-01-20T22:23:15.048368,ph_0009,IMAGE_READ,Image Read sucessfully
2026-01-20T22:23:15.132654,ph_0010,IMAGE_READ,Image Read sucessfully
2026-01-20T22:23:15.209639,ph_0011,IMAGE_READ,Image Read sucessfully
2026-01-20T22:23:15.281999,ph_0012,IMAGE_READ,Image Read sucessfully
2026-01-20T22:23:15.358148,ph_0013,IMAGE_READ,Image Read sucessfully
2026-01-20T22:23:15.433386,ph_0014,IMAGE_READ,Image Read sucessfully
2026-01-20T22:23:15.510153,ph_0015,IMAGE_READ,Image Read sucessfully
2026-01-20T22:23:15.587482,ph_0016,IMAGE_READ,Image Read sucessfully
2026-01-20T22:23:15.669211,ph_0017,IMAGE_READ,Image Read sucessfully
2026-01-20T22:23:15.742133,ph_0018,IMAGE_READ,Image Read sucessfully
2026-01-20T22:23:15.815529,ph_0019,IMAGE_READ,Image Read sucessfully
2026-01-20T22:23:15.901154,ph_0020,IMAGE_READ,Image Read sucessfully
2026-01-20T22:23:15.965897,ph_0021,IMAGE_READ,Image Read sucessfully
2026-01-20T22:23:15.993601,ph_0022,READ_IMAGE_ERROR,Image exists but could not be decoded by OpenCV.
2026-01-20T22:23:15.993601,ph_0023,READ_IMAGE_ERROR,Image exists but could not be decoded by OpenCV.
2026-01-20T22:23:15.993601,ph_0024,READ_IMAGE_ERROR,Image exists but could not be decoded by OpenCV.
2026-01-20T22:23:15.995138,ph_0025,READ_IMAGE_ERROR,Image exists but could not be decoded by OpenCV.
2026-01-20T22:23:15.995138,ph_0026,READ_IMAGE_ERROR,Image exists but could not be decoded by OpenCV.
2026-01-20T22:23:15.996149,ph_0027,READ_IMAGE_ERROR,Image exists but could not be decoded by OpenCV.
2026-01-20T22:23:15.996149,ph_0028,READ_IMAGE_ERROR,Image exists but could not be decoded by OpenCV.
2026-01-20T22:23:16.068186,ph_0029,IMAGE_READ,Image Read sucessfully
2026-01-20T22:23:16.150579,ph_0030,IMAGE_READ,Image Read sucessfully
2026-01-20T22:23:16.227289,ph_0031,IMAGE_READ,Image Read sucessfully
2026-01-20T22:23:16.303522,ph_0032,IMAGE_READ,Image Read sucessfully
2026-01-20T22:23:16.385605,ph_0033,IMAGE_READ,Image Read sucessfully
2026-01-20T22:23:16.463585,ph_0034,IMAGE_READ,Image Read sucessfully
2026-01-20T22:23:16.533709,ph_0035,IMAGE_READ,Image Read sucessfully
2026-01-20T22:23:16.610946,ph_0036,IMAGE_READ,Image Read sucessfully
2026-01-20T22:23:16.688098,ph_0037,IMAGE_READ,Image Read sucessfully
2026-01-20T22:23:16.761906,ph_0038,IMAGE_READ,Image Read sucessfully
2026-01-20T22:23:16.833928,ph_0039,IMAGE_READ,Image Read sucessfully
2026-01-20T22:23:16.915231,ph_0040,IMAGE_READ,Image Read sucessfully
2026-01-20T22:23:16.989204,ph_0041,IMAGE_READ,Image Read sucessfully
2026-01-20T22:23:17.055904,ph_0042,IMAGE_READ,Image Read sucessfully
2026-01-20T22:25:22.841308,ph_0001,IMAGE_READ,Image Read sucessfully
2026-01-20T22:25:22.918706,ph_0002,IMAGE_READ,Image Read sucessfully
2026-01-20T22:25:22.989536,ph_0003,IMAGE_READ,Image Read sucessfully
2026-01-20T22:25:23.058210,ph_0004,IMAGE_READ,Image Read sucessfully
2026-01-20T22:25:23.129303,ph_0005,IMAGE_READ,Image Read sucessfully
2026-01-20T22:25:23.206533,ph_0006,IMAGE_READ,Image Read sucessfully
2026-01-20T22:25:23.267524,ph_0007,IMAGE_READ,Image Read sucessfully
2026-01-20T22:25:23.338857,ph_0008,IMAGE_READ,Image Read sucessfully
2026-01-20T22:25:23.415282,ph_0009,IMAGE_READ,Image Read sucessfully
2026-01-20T22:25:23.486205,ph_0010,IMAGE_READ,Image Read sucessfully
2026-01-20T22:25:23.556642,ph_0011,IMAGE_READ,Image Read sucessfully
2026-01-20T22:25:23.626114,ph_0012,IMAGE_READ,Image Read sucessfully
2026-01-20T22:25:23.706875,ph_0013,IMAGE_READ,Image Read sucessfully
2026-01-20T22:25:23.773851,ph_0014,IMAGE_READ,Image Read sucessfully
2026-01-20T22:25:23.852593,ph_0015,IMAGE_READ,Image Read sucessfully
2026-01-20T22:25:23.934174,ph_0016,IMAGE_READ,Image Read sucessfully
2026-01-20T22:25:24.007326,ph_0017,IMAGE_READ,Image Read sucessfully
2026-01-20T22:25:24.078262,ph_0018,IMAGE_READ,Image Read sucessfully
2026-01-20T22:25:24.155436,ph_0019,IMAGE_READ,Image Read sucessfully
2026-01-20T22:25:24.228983,ph_0020,IMAGE_READ,Image Read sucessfully
2026-01-20T22:25:24.290168,ph_0021,IMAGE_READ,Image Read sucessfully
2026-01-20T22:25:24.292034,ph_0022,READ_IMAGE_ERROR,Image exists but could not be decoded by OpenCV.
2026-01-20T22:25:24.292504,ph_0023,READ_IMAGE_ERROR,Image exists but could not be decoded by OpenCV.
2026-01-20T22:25:24.292889,ph_0024,READ_IMAGE_ERROR,Image exists but could not be decoded by OpenCV.
2026-01-20T22:25:24.293256,ph_0025,READ_IMAGE_ERROR,Image exists but could not be decoded by OpenCV.
2026-01-20T22:25:24.293594,ph_0026,READ_IMAGE_ERROR,Image exists but could not be decoded by OpenCV.
2026-01-20T22:25:24.293966,ph_0027,READ_IMAGE_ERROR,Image exists but could not be decoded by OpenCV.
2026-01-20T22:25:24.294517,ph_0028,READ_IMAGE_ERROR,Image exists but could not be decoded by OpenCV.
2026-01-20T22:25:24.363663,ph_0029,IMAGE_READ,Image Read sucessfully
2026-01-20T22:25:24.441525,ph_0030,IMAGE_READ,Image Read sucessfully
2026-01-20T22:25:24.514908,ph_0031,IMAGE_READ,Image Read sucessfully
2026-01-20T22:25:24.588339,ph_0032,IMAGE_READ,Image Read sucessfully
2026-01-20T22:25:24.668903,ph_0033,IMAGE_READ,Image Read sucessfully
2026-01-20T22:25:24.743429,ph_0034,IMAGE_READ,Image Read sucessfully
2026-01-20T22:25:24.813997,ph_0035,IMAGE_READ,Image Read sucessfully
2026-01-20T22:25:24.886796,ph_0036,IMAGE_READ,Image Read sucessfully
2026-01-20T22:25:24.960669,ph_0037,IMAGE_READ,Image Read sucessfully
2026-01-20T22:25:25.030437,ph_0038,IMAGE_READ,Image Read sucessfully
2026-01-20T22:25:25.100353,ph_0039,IMAGE_READ,Image Read sucessfully
2026-01-20T22:25:25.177243,ph_0040,IMAGE_READ,Image Read sucessfully
2026-01-20T22:25:25.247585,ph_0041,IMAGE_READ,Image Read sucessfully
2026-01-20T22:25:25.313201,ph_0042,IMAGE_READ,Image Read sucessfully
2026-01-20T22:25:53.830958,ph_0001,IMAGE_READ,Image Read sucessfully
2026-01-20T22:25:53.908603,ph_0002,IMAGE_READ,Image Read sucessfully
2026-01-20T22:25:53.979400,ph_0003,IMAGE_READ,Image Read sucessfully
2026-01-20T22:25:54.049980,ph_0004,IMAGE_READ,Image Read sucessfully
2026-01-20T22:25:54.127156,ph_0005,IMAGE_READ,Image Read sucessfully
2026-01-20T22:25:54.199009,ph_0006,IMAGE_READ,Image Read sucessfully
2026-01-20T22:25:54.263142,ph_0007,IMAGE_READ,Image Read sucessfully
2026-01-20T22:25:54.336537,ph_0008,IMAGE_READ,Image Read sucessfully
2026-01-20T22:25:54.415611,ph_0009,IMAGE_READ,Image Read sucessfully
2026-01-20T22:25:54.487164,ph_0010,IMAGE_READ,Image Read sucessfully
2026-01-20T22:25:54.556936,ph_0011,IMAGE_READ,Image Read sucessfully
2026-01-20T22:25:54.632785,ph_0012,IMAGE_READ,Image Read sucessfully
2026-01-20T22:25:54.704558,ph_0013,IMAGE_READ,Image Read sucessfully
2026-01-20T22:25:54.767530,ph_0014,IMAGE_READ,Image Read sucessfully
2026-01-20T22:25:54.839052,ph_0015,IMAGE_READ,Image Read sucessfully
2026-01-20T22:25:54.917149,ph_0016,IMAGE_READ,Image Read sucessfully
2026-01-20T22:25:54.989215,ph_0017,IMAGE_READ,Image Read sucessfully
2026-01-20T22:25:55.061080,ph_0018,IMAGE_READ,Image Read sucessfully
2026-01-20T22:25:55.139045,ph_0019,IMAGE_READ,Image Read sucessfully
2026-01-20T22:25:55.213720,ph_0020,IMAGE_READ,Image Read sucessfully
2026-01-20T22:25:55.274317,ph_0021,IMAGE_READ,Image Read sucessfully
2026-01-20T22:25:55.276647,ph_0022,READ_IMAGE_ERROR,Image exists but could not be decoded by OpenCV.
2026-01-20T22:25:55.277254,ph_0023,READ_IMAGE_ERROR,Image exists but could not be decoded by OpenCV.
2026-01-20T22:25:55.277733,ph_0024,READ_IMAGE_ERROR,Image exists but could not be decoded by OpenCV.
2026-01-20T22:25:55.278255,ph_0025,READ_IMAGE_ERROR,Image exists but could not be decoded by OpenCV.
2026-01-20T22:25:55.278740,ph_0026,READ_IMAGE_ERROR,Image exists but could not be decoded by OpenCV.
2026-01-20T22:25:55.279209,ph_0027,READ_IMAGE_ERROR,Image exists but could not be decoded by OpenCV.
2026-01-20T22:25:55.279645,ph_0028,READ_IMAGE_ERROR,Image exists but could not be decoded by OpenCV.
2026-01-20T22:25:55.352649,ph_0029,IMAGE_READ,Image Read sucessfully
2026-01-20T22:25:55.443646,ph_0030,IMAGE_READ,Image Read sucessfully
2026-01-20T22:25:55.552910,ph_0031,IMAGE_READ,Image Read sucessfully
2026-01-20T22:25:55.633066,ph_0032,IMAGE_READ,Image Read sucessfully
2026-01-20T22:25:55.721698,ph_0033,IMAGE_READ,Image Read sucessfully
2026-01-20T22:25:55.806807,ph_0034,IMAGE_READ,Image Read sucessfully
2026-01-20T22:25:55.888027,ph_0035,IMAGE_READ,Image Read sucessfully
2026-01-20T22:25:56.026219,ph_0036,IMAGE_READ,Image Read sucessfully
2026-01-20T22:25:56.106350,ph_0037,IMAGE_READ,Image Read sucessfully
2026-01-20T22:25:56.179492,ph_0038,IMAGE_READ,Image Read sucessfully
2026-01-20T22:25:56.260515,ph_0039,IMAGE_READ,Image Read sucessfully
2026-01-20T22:25:56.332625,ph_0040,IMAGE_READ,Image Read sucessfully
2026-01-20T22:25:56.404983,ph_0041,IMAGE_READ,Image Read sucessfully
2026-01-20T22:25:56.470062,ph_0042,IMAGE_READ,Image Read sucessfully
2026-01-20T22:27:30.817849,ph_0001,IMAGE_READ,Image Read sucessfully
2026-01-20T22:27:30.894546,ph_0002,IMAGE_READ,Image Read sucessfully
2026-01-20T22:27:30.966638,ph_0003,IMAGE_READ,Image Read sucessfully
2026-01-20T22:27:31.035667,ph_0004,IMAGE_READ,Image Read sucessfully
2026-01-20T22:27:31.105689,ph_0005,IMAGE_READ,Image Read sucessfully
2026-01-20T22:27:31.182247,ph_0006,IMAGE_READ,Image Read sucessfully
2026-01-20T22:27:31.245643,ph_0007,IMAGE_READ,Image Read sucessfully
2026-01-20T22:27:31.317849,ph_0008,IMAGE_READ,Image Read sucessfully
2026-01-20T22:27:31.397878,ph_0009,IMAGE_READ,Image Read sucessfully
2026-01-20T22:27:31.469257,ph_0010,IMAGE_READ,Image Read sucessfully
2026-01-20T22:27:31.539638,ph_0011,IMAGE_READ,Image Read sucessfully
2026-01-20T22:27:31.612380,ph_0012,IMAGE_READ,Image Read sucessfully
2026-01-20T22:27:31.689395,ph_0013,IMAGE_READ,Image Read sucessfully
2026-01-20T22:27:31.753697,ph_0014,IMAGE_READ,Image Read sucessfully
2026-01-20T22:27:31.827861,ph_0015,IMAGE_READ,Image Read sucessfully
2026-01-20T22:27:31.908333,ph_0016,IMAGE_READ,Image Read sucessfully
2026-01-20T22:27:31.983758,ph_0017,IMAGE_READ,Image Read sucessfully
2026-01-20T22:27:32.056125,ph_0018,IMAGE_READ,Image Read sucessfully
2026-01-20T22:27:32.127012,ph_0019,IMAGE_READ,Image Read sucessfully
2026-01-20T22:27:32.213203,ph_0020,IMAGE_READ,Image Read sucessfully
2026-01-20T22:27:32.277901,ph_0021,IMAGE_READ,Image Read sucessfully
2026-01-20T22:27:32.354789,ph_0022,IMAGE_READ,Image Read sucessfully
2026-01-20T22:27:32.356747,ph_0023,READ_IMAGE_ERROR,Image exists but could not be decoded by OpenCV.
2026-01-20T22:27:32.357227,ph_0024,READ_IMAGE_ERROR,Image exists but could not be decoded by OpenCV.
2026-01-20T22:27:32.357659,ph_0025,READ_IMAGE_ERROR,Image exists but could not be decoded by OpenCV.
2026-01-20T22:27:32.358129,ph_0026,READ_IMAGE_ERROR,Image exists but could not be decoded by OpenCV.
2026-01-20T22:27:32.438727,ph_0027,IMAGE_READ,Image Read sucessfully
2026-01-20T22:27:32.518761,ph_0028,IMAGE_READ,Image Read sucessfully
2026-01-20T22:27:32.589594,ph_0029,IMAGE_READ,Image Read sucessfully
2026-01-20T22:27:32.669690,ph_0030,IMAGE_READ,Image Read sucessfully
2026-01-20T22:27:32.743209,ph_0031,IMAGE_READ,Image Read sucessfully
2026-01-20T22:27:32.814813,ph_0032,IMAGE_READ,Image Read sucessfully
2026-01-20T22:27:32.887865,ph_0033,IMAGE_READ,Image Read sucessfully
2026-01-20T22:27:32.969878,ph_0034,IMAGE_READ,Image Read sucessfully
2026-01-20T22:27:33.038067,ph_0035,IMAGE_READ,Image Read sucessfully
2026-01-20T22:27:33.111089,ph_0036,IMAGE_READ,Image Read sucessfully
2026-01-20T22:27:33.186474,ph_0037,IMAGE_READ,Image Read sucessfully
2026-01-20T22:27:33.256410,ph_0038,IMAGE_READ,Image Read sucessfully
2026-01-20T22:27:33.325865,ph_0039,IMAGE_READ,Image Read sucessfully
2026-01-20T22:27:33.394798,ph_0040,IMAGE_READ,Image Read sucessfully
2026-01-20T22:27:33.474839,ph_0041,IMAGE_READ,Image Read sucessfully
2026-01-20T22:27:33.539241,ph_0042,IMAGE_READ,Image Read sucessfully
2026-01-21T22:00:46.922803,test_001,READ_IMAGE_ERROR,Image exists but could not be decoded by OpenCV.
2026-01-21T22:03:15.553200,test_001,READ_IMAGE_ERROR,Image exists but could not be decoded by OpenCV.
2026-01-21T22:09:05.249046,ph_0001,IMAGE_READ,Image Read sucessfully
2026-01-21T22:09:18.105380,ph_0001,IMAGE_READ,Image Read sucessfully
2026-01-21T22:10:00.240051,ph_0001,ANNOTATED
2026-01-21T22:10:00.321387,ph_0002,IMAGE_READ,Image Read sucessfully
2026-01-21T22:10:16.642409,ph_0002,ANNOTATED
2026-01-21T22:10:16.725347,ph_0003,IMAGE_READ,Image Read sucessfully
2026-01-21T22:10:28.060729,ph_0003,ANNOTATED
2026-01-21T22:10:28.321849,ph_0004,IMAGE_READ,Image Read sucessfully
2026-01-21T22:10:47.135000,ph_0004,ANNOTATED
2026-01-21T22:10:47.282658,ph_0005,IMAGE_READ,Image Read sucessfully
2026-01-21T22:11:07.207713,ph_0005,ANNOTATED
2026-01-21T22:11:07.288852,ph_0006,IMAGE_READ,Image Read sucessfully
2026-01-21T22:11:38.313540,ph_0006,ANNOTATED
2026-01-21T22:11:38.380913,ph_0007,IMAGE_READ,Image Read sucessfully
2026-01-21T22:11:54.064748,ph_0007,ANNOTATED
2026-01-21T22:11:54.259360,ph_0008,IMAGE_READ,Image Read sucessfully
2026-01-21T22:12:05.176378,ph_0008,ANNOTATED
2026-01-21T22:12:05.251966,ph_0009,IMAGE_READ,Image Read sucessfully
2026-01-21T22:12:16.858559,ph_0009,ANNOTATED
2026-01-21T22:12:16.932443,ph_0010,IMAGE_READ,Image Read sucessfully
2026-01-21T22:12:28.898630,ph_0010,ANNOTATED
2026-01-21T22:12:28.993138,ph_0011,IMAGE_READ,Image Read sucessfully
2026-01-21T22:12:38.069194,ph_0011,ANNOTATED
2026-01-21T22:12:38.151426,ph_0012,IMAGE_READ,Image Read sucessfully
2026-01-21T22:12:47.911634,ph_0012,ANNOTATED
2026-01-21T22:12:47.994750,ph_0013,IMAGE_READ,Image Read sucessfully
2026-01-21T22:12:56.671452,ph_0013,ANNOTATED
2026-01-21T22:12:56.740691,ph_0014,IMAGE_READ,Image Read sucessfully
2026-01-21T22:13:05.929635,ph_0014,ANNOTATED
2026-01-21T22:13:06.008161,ph_0015,IMAGE_READ,Image Read sucessfully
2026-01-21T22:14:41.477463,ph_0015,ANNOTATED
2026-01-21T22:14:41.684904,ph_0016,IMAGE_READ,Image Read sucessfully
2026-01-21T22:14:54.033757,ph_0016,ANNOTATED
2026-01-21T22:14:54.122931,ph_0017,IMAGE_READ,Image Read sucessfully
2026-01-21T22:15:25.377148,ph_0017,ANNOTATED
2026-01-21T22:15:25.450500,ph_0018,IMAGE_READ,Image Read sucessfully
2026-01-21T22:15:35.754611,ph_0018,ANNOTATED
2026-01-21T22:15:35.827217,ph_0019,IMAGE_READ,Image Read sucessfully
2026-01-21T22:15:45.624924,ph_0019,ANNOTATED
2026-01-21T22:15:45.702090,ph_0020,IMAGE_READ,Image Read sucessfully
2026-01-21T22:15:54.786276,ph_0020,ANNOTATED
2026-01-21T22:15:54.983531,ph_0021,IMAGE_READ,Image Read sucessfully
2026-01-21T22:16:04.952759,ph_0021,ANNOTATED
2026-01-21T22:16:05.031767,ph_0022,IMAGE_READ,Image Read sucessfully
2026-01-21T22:16:15.994511,ph_0022,ANNOTATED
2026-01-21T22:16:15.995519,ph_0023,READ_IMAGE_ERROR,Image exists but could not be decoded by OpenCV.
2026-01-21T22:16:15.997518,ph_0024,READ_IMAGE_ERROR,Image exists but could not be decoded by OpenCV.
2026-01-21T22:16:15.998520,ph_0025,READ_IMAGE_ERROR,Image exists but could not be decoded by OpenCV.
2026-01-21T22:16:15.998520,ph_0026,READ_IMAGE_ERROR,Image exists but could not be decoded by OpenCV.
2026-01-21T22:16:16.110710,ph_0027,IMAGE_READ,Image Read sucessfully
2026-01-21T22:16:27.396315,ph_0027,ANNOTATED
2026-01-21T22:16:27.476616,ph_0028,IMAGE_READ,Image Read sucessfully
2026-01-21T22:16:36.154277,ph_0028,ANNOTATED
2026-01-21T22:16:36.228583,ph_0029,IMAGE_READ,Image Read sucessfully
2026-01-21T22:16:44.878781,ph_0029,ANNOTATED
2026-01-21T22:16:44.959274,ph_0030,IMAGE_READ,Image Read sucessfully
2026-01-21T22:16:53.304170,ph_0030,ANNOTATED
2026-01-21T22:16:53.400327,ph_0031,IMAGE_READ,Image Read sucessfully
2026-01-21T22:17:01.460073,ph_0031,ANNOTATED
2026-01-21T22:17:01.534917,ph_0032,IMAGE_READ,Image Read sucessfully
2026-01-21T22:17:08.585136,ph_0032,ANNOTATED
2026-01-21T22:17:08.725294,ph_0033,IMAGE_READ,Image Read sucessfully
2026-01-21T22:17:16.629193,ph_0033,ANNOTATED
2026-01-21T22:17:16.780921,ph_0034,IMAGE_READ,Image Read sucessfully
2026-01-21T22:17:26.174037,ph_0034,ANNOTATED
2026-01-21T22:17:26.628487,ph_0035,IMAGE_READ,Image Read sucessfully
2026-01-21T22:17:35.410061,ph_0035,ANNOTATED
2026-01-21T22:17:35.605847,ph_0036,IMAGE_READ,Image Read sucessfully
2026-01-21T22:17:43.135892,ph_0036,ANNOTATED
2026-01-21T22:17:43.286004,ph_0037,IMAGE_READ,Image Read sucessfully
2026-01-21T22:17:52.945743,ph_0037,ANNOTATED
2026-01-21T22:17:53.100430,ph_0038,IMAGE_READ,Image Read sucessfully
2026-01-21T22:18:02.098426,ph_0038,ANNOTATED
2026-01-21T22:18:02.194266,ph_0039,IMAGE_READ,Image Read sucessfully
2026-01-21T22:18:08.942993,ph_0039,ANNOTATED
2026-01-21T22:18:09.045057,ph_0040,IMAGE_READ,Image Read sucessfully
2026-01-21T22:18:16.455760,ph_0040,ANNOTATED
2026-01-21T22:18:16.575539,ph_0041,IMAGE_READ,Image Read sucessfully
2026-01-21T22:18:24.942908,ph_0041,ANNOTATED
2026-01-21T22:18:25.016299,ph_0042,IMAGE_READ,Image Read sucessfully
2026-01-21T22:18:31.892183,ph_0042,ANNOTATED
2026-01-21T22:34:07.017416,ph_0023,READ_IMAGE_ERROR,Image exists but could not be decoded by OpenCV.
2026-01-21T22:34:07.071377,ph_0024,READ_IMAGE_ERROR,Image exists but could not be decoded by OpenCV.
2026-01-21T22:34:07.071377,ph_0025,READ_IMAGE_ERROR,Image exists but could not be decoded by OpenCV.
2026-01-21T22:34:07.072386,ph_0026,READ_IMAGE_ERROR,Image exists but could not be decoded by OpenCV.
2026-01-21T22:34:07.152446,ph_0027,IMAGE_READ,Image Read sucessfully
2026-01-21T22:34:16.778947,ph_0027,ANNOTATED
2026-01-21T22:34:16.852472,ph_0028,IMAGE_READ,Image Read sucessfully
2026-01-21T22:34:25.569517,ph_0028,ANNOTATED
2026-01-21T22:34:25.641272,ph_0029,IMAGE_READ,Image Read sucessfully
2026-01-21T22:34:33.033709,ph_0029,ANNOTATED
2026-01-21T22:34:33.108100,ph_0030,IMAGE_READ,Image Read sucessfully
2026-01-21T22:34:40.393713,ph_0030,ANNOTATED
2026-01-21T22:34:40.475481,ph_0031,IMAGE_READ,Image Read sucessfully
2026-01-21T22:34:48.678748,ph_0031,ANNOTATED
2026-01-21T22:34:48.760541,ph_0032,IMAGE_READ,Image Read sucessfully
2026-01-21T22:34:54.637194,ph_0032,ANNOTATED
2026-01-21T22:34:54.717997,ph_0033,IMAGE_READ,Image Read sucessfully
2026-01-21T22:35:04.691880,ph_0033,ANNOTATED
2026-01-21T22:35:04.781393,ph_0034,IMAGE_READ,Image Read sucessfully
2026-01-21T22:35:13.633731,ph_0034,ANNOTATED
2026-01-21T22:35:13.714992,ph_0035,IMAGE_READ,Image Read sucessfully
2026-01-21T22:35:19.452579,ph_0035,ANNOTATED
2026-01-21T22:35:19.536273,ph_0036,IMAGE_READ,Image Read sucessfully
2026-01-21T22:35:26.399010,ph_0036,ANNOTATED
2026-01-21T22:35:26.478813,ph_0037,IMAGE_READ,Image Read sucessfully
2026-01-21T22:35:34.336255,ph_0037,ANNOTATED
2026-01-21T22:35:34.417240,ph_0038,IMAGE_READ,Image Read sucessfully
2026-01-21T22:35:41.345040,ph_0038,ANNOTATED
2026-01-21T22:35:41.425303,ph_0039,IMAGE_READ,Image Read sucessfully
2026-01-21T22:35:47.863646,ph_0039,ANNOTATED
2026-01-21T22:35:47.932846,ph_0040,IMAGE_READ,Image Read sucessfully
2026-01-21T22:35:54.147320,ph_0040,ANNOTATED
2026-01-21T22:35:54.222898,ph_0041,IMAGE_READ,Image Read sucessfully
2026-01-21T22:36:01.268513,ph_0041,ANNOTATED
2026-01-21T22:36:01.332758,ph_0042,IMAGE_READ,Image Read sucessfully
2026-01-21T22:36:09.784628,ph_0042,ANNOTATED
2026-01-21T22:40:01.478695,ph_0023,IMAGE_READ,Image Read sucessfully
2026-01-21T22:40:11.212664,ph_0023,ANNOTATED
2026-01-21T22:40:11.323745,ph_0024,IMAGE_READ,Image Read sucessfully
2026-01-21T22:40:19.638886,ph_0024,ANNOTATED
2026-01-21T22:40:19.721385,ph_0025,IMAGE_READ,Image Read sucessfully
2026-01-21T22:40:30.384679,ph_0025,ANNOTATED
2026-01-21T22:40:30.516124,ph_0026,IMAGE_READ,Image Read sucessfully
2026-01-21T22:40:39.782867,ph_0026,ANNOTATED
2026-01-21T22:40:39.868422,ph_0027,IMAGE_READ,Image Read sucessfully
2026-01-21T22:40:47.210161,ph_0027,ANNOTATED
2026-01-21T22:40:47.285798,ph_0028,IMAGE_READ,Image Read sucessfully
2026-01-21T22:40:57.264310,ph_0028,ANNOTATED
2026-01-21T22:40:57.345643,ph_0029,IMAGE_READ,Image Read sucessfully
2026-01-21T22:41:03.195989,ph_0029,ANNOTATED
2026-01-21T22:41:03.275518,ph_0030,IMAGE_READ,Image Read sucessfully
2026-01-21T22:41:27.418809,ph_0031,IMAGE_READ,Image Read sucessfully
2026-01-21T22:41:28.025494,ph_0032,IMAGE_READ,Image Read sucessfully
2026-01-21T22:41:28.221884,ph_0033,IMAGE_READ,Image Read sucessfully
2026-01-21T22:41:28.466729,ph_0034,IMAGE_READ,Image Read sucessfully
2026-01-21T22:41:28.680938,ph_0035,IMAGE_READ,Image Read sucessfully
2026-01-21T22:41:28.895475,ph_0036,IMAGE_READ,Image Read sucessfully
2026-01-21T22:41:30.433899,ph_0037,IMAGE_READ,Image Read sucessfully
2026-01-21T22:41:30.766642,ph_0038,IMAGE_READ,Image Read sucessfully
2026-01-21T22:41:30.950411,ph_0039,IMAGE_READ,Image Read sucessfully
2026-01-21T22:41:31.139062,ph_0040,IMAGE_READ,Image Read sucessfully
2026-01-21T22:41:31.353910,ph_0041,IMAGE_READ,Image Read sucessfully
2026-01-21T22:41:31.635344,ph_0042,IMAGE_READ,Image Read sucessfully
2026-01-22T00:45:43.077601,ph_0041,IMAGE_READ,Image Read sucessfully
2026-01-22T00:46:00.403479,ph_0041,ANNOTATED
2026-01-22T00:46:00.539639,ph_0042,IMAGE_READ,Image Read sucessfully
2026-01-22T00:46:15.801042,ph_0042,ANNOTATED
2026-01-22T00:48:16.581551,ph_0001,IMAGE_READ,Image Read sucessfully
2026-01-22T00:48:38.243561,ph_0002,IMAGE_READ,Image Read sucessfully
2026-01-22T00:48:38.942350,ph_0003,IMAGE_READ,Image Read sucessfully
2026-01-22T00:48:39.527027,ph_0004,IMAGE_READ,Image Read sucessfully
2026-01-22T00:48:40.307637,ph_0005,IMAGE_READ,Image Read sucessfully
2026-01-22T00:48:41.146034,ph_0006,IMAGE_READ,Image Read sucessfully
2026-01-22T00:48:42.041864,ph_0007,IMAGE_READ,Image Read sucessfully
2026-01-22T00:48:42.837471,ph_0008,IMAGE_READ,Image Read sucessfully
2026-01-22T00:48:53.324283,ph_0008,ANNOTATED
2026-01-22T00:48:53.461803,ph_0009,IMAGE_READ,Image Read sucessfully
2026-01-22T00:49:15.263173,ph_0009,ANNOTATED
2026-01-22T00:49:15.399308,ph_0010,IMAGE_READ,Image Read sucessfully
2026-01-22T00:49:27.764049,ph_0011,IMAGE_READ,Image Read sucessfully
2026-01-22T00:49:46.772942,ph_0011,ANNOTATED
2026-01-22T00:49:46.913678,ph_0012,IMAGE_READ,Image Read sucessfully
2026-01-22T00:50:05.463058,ph_0012,ANNOTATED
2026-01-22T00:50:05.601217,ph_0013,IMAGE_READ,Image Read sucessfully
2026-01-22T00:50:24.478195,ph_0013,ANNOTATED
2026-01-22T00:50:24.603929,ph_0014,IMAGE_READ,Image Read sucessfully
2026-01-22T00:50:38.374143,ph_0014,ANNOTATED
2026-01-22T00:50:38.512347,ph_0015,IMAGE_READ,Image Read sucessfully
2026-01-22T00:51:00.362342,ph_0015,ANNOTATED
2026-01-22T00:51:00.505526,ph_0016,IMAGE_READ,Image Read sucessfully
2026-01-22T00:51:09.594492,ph_0017,IMAGE_READ,Image Read sucessfully
2026-01-22T00:51:16.367097,ph_0018,IMAGE_READ,Image Read sucessfully
2026-01-22T00:51:30.359214,ph_0018,ANNOTATED
2026-01-22T00:51:30.497297,ph_0019,IMAGE_READ,Image Read sucessfully
2026-01-22T00:51:49.775234,ph_0019,ANNOTATED
2026-01-22T00:51:49.914559,ph_0020,IMAGE_READ,Image Read sucessfully
2026-01-22T00:52:01.493846,ph_0020,ANNOTATED
2026-01-22T00:52:01.624190,ph_0021,IMAGE_READ,Image Read sucessfully
2026-01-22T00:52:19.107575,ph_0021,ANNOTATED
2026-01-22T00:52:19.252580,ph_0022,IMAGE_READ,Image Read sucessfully
2026-01-22T00:52:28.102249,ph_0023,IMAGE_READ,Image Read sucessfully
2026-01-22T00:52:49.804122,ph_0023,ANNOTATED
2026-01-22T00:52:49.949834,ph_0024,IMAGE_READ,Image Read sucessfully
2026-01-22T00:53:25.732607,ph_0024,ANNOTATED
2026-01-22T00:53:25.868829,ph_0025,IMAGE_READ,Image Read sucessfully
2026-01-22T00:53:40.082995,ph_0025,ANNOTATED
2026-01-22T00:53:40.226898,ph_0026,IMAGE_READ,Image Read sucessfully
2026-01-22T00:53:52.726768,ph_0026,ANNOTATED
2026-01-22T00:53:52.877778,ph_0027,IMAGE_READ,Image Read sucessfully
2026-01-22T00:54:00.647528,ph_0027,ANNOTATED
2026-01-22T00:54:00.788908,ph_0028,IMAGE_READ,Image Read sucessfully
2026-01-22T00:54:11.532596,ph_0028,ANNOTATED
2026-01-22T00:54:11.673137,ph_0029,IMAGE_READ,Image Read sucessfully
2026-01-22T00:54:47.899759,ph_0029,ANNOTATED
2026-01-22T00:54:48.036412,ph_0030,IMAGE_READ,Image Read sucessfully
2026-01-22T00:54:56.019905,ph_0030,ANNOTATED
2026-01-22T00:54:56.155837,ph_0031,IMAGE_READ,Image Read sucessfully
2026-01-22T00:55:05.495681,ph_0031,ANNOTATED
2026-01-22T00:55:05.636175,ph_0032,IMAGE_READ,Image Read sucessfully
2026-01-22T00:55:14.333838,ph_0032,ANNOTATED
2026-01-22T00:55:14.481143,ph_0033,IMAGE_READ,Image Read sucessfully
2026-01-22T00:55:21.473543,ph_0033,ANNOTATED
2026-01-22T00:55:21.616870,ph_0034,IMAGE_READ,Image Read sucessfully
2026-01-22T00:55:25.858742,ph_0035,IMAGE_READ,Image Read sucessfully
2026-01-22T00:55:37.890769,ph_0035,ANNOTATED
2026-01-22T00:55:38.047488,ph_0036,IMAGE_READ,Image Read sucessfully
2026-01-22T00:55:51.706472,ph_0036,ANNOTATED
2026-01-22T00:55:51.839358,ph_0037,IMAGE_READ,Image Read sucessfully
2026-01-22T00:55:58.846276,ph_0037,ANNOTATED
2026-01-22T00:55:58.983984,ph_0038,IMAGE_READ,Image Read sucessfully
2026-01-22T00:56:07.859646,ph_0038,ANNOTATED
2026-01-22T00:56:07.992934,ph_0039,IMAGE_READ,Image Read sucessfully
2026-01-22T00:56:16.635833,ph_0039,ANNOTATED
2026-01-22T00:56:16.767321,ph_0040,IMAGE_READ,Image Read sucessfully
2026-01-22T00:56:28.406947,ph_0040,ANNOTATED
2026-01-22T00:56:28.542172,ph_0041,IMAGE_READ,Image Read sucessfully
2026-01-22T00:56:30.718263,ph_0042,IMAGE_READ,Image Read sucessfully
2026-01-22T00:56:44.226747,ph_0042,ANNOTATED
2026-02-15T01:21:39.918474,ph_0001,IMAGE_READ,Image Read sucessfully
2026-02-15T01:21:57.443963,ph_0002,IMAGE_READ,Image Read sucessfully
2026-02-15T01:21:59.904124,ph_0003,IMAGE_READ,Image Read sucessfully
2026-02-15T01:22:00.049445,ph_0004,IMAGE_READ,Image Read sucessfully
2026-02-15T01:22:00.327596,ph_0005,IMAGE_READ,Image Read sucessfully
2026-02-15T01:22:02.884338,ph_0006,IMAGE_READ,Image Read sucessfully
2026-02-15T01:22:03.411012,ph_0007,IMAGE_READ,Image Read sucessfully
2026-02-15T01:22:04.030010,ph_0008,IMAGE_READ,Image Read sucessfully
2026-02-15T01:22:20.990397,ph_0008,ANNOTATED
2026-02-15T01:22:21.132365,ph_0009,IMAGE_READ,Image Read sucessfully
2026-02-15T01:22:23.115858,ph_0009,ANNOTATED
2026-02-15T01:22:23.254166,ph_0010,IMAGE_READ,Image Read sucessfully
2026-02-15T01:22:33.395100,ph_0011,IMAGE_READ,Image Read sucessfully
2026-02-15T01:22:33.896119,ph_0012,IMAGE_READ,Image Read sucessfully
2026-02-15T01:22:34.085800,ph_0013,IMAGE_READ,Image Read sucessfully
2026-02-15T01:22:34.218823,ph_0014,IMAGE_READ,Image Read sucessfully
2026-02-15T01:22:34.408138,ph_0015,IMAGE_READ,Image Read sucessfully
2026-02-15T01:22:34.636776,ph_0016,IMAGE_READ,Image Read sucessfully
2026-02-15T01:22:35.610986,ph_0017,IMAGE_READ,Image Read sucessfully
2026-02-15T01:22:37.373801,ph_0018,IMAGE_READ,Image Read sucessfully
2026-02-15T01:22:44.475031,ph_0018,ANNOTATED
2026-02-15T01:22:44.661452,ph_0019,IMAGE_READ,Image Read sucessfully
2026-02-15T01:22:54.366318,ph_0020,IMAGE_READ,Image Read sucessfully
2026-02-15T01:22:59.021101,ph_0021,IMAGE_READ,Image Read sucessfully
2026-02-15T01:23:00.730471,ph_0021,ANNOTATED
2026-02-15T01:23:00.984308,ph_0022,IMAGE_READ,Image Read sucessfully
2026-02-15T01:23:03.364288,ph_0022,ANNOTATED
2026-02-15T01:23:03.509998,ph_0023,IMAGE_READ,Image Read sucessfully
2026-02-15T01:23:23.699052,ph_0023,ANNOTATED
2026-02-15T01:23:23.907072,ph_0024,IMAGE_READ,Image Read sucessfully
2026-02-15T01:23:49.372299,ph_0024,ANNOTATED
2026-02-15T01:23:49.512495,ph_0025,IMAGE_READ,Image Read sucessfully
2026-02-15T01:24:27.118220,ph_0025,ANNOTATED
2026-02-15T01:24:27.262605,ph_0026,IMAGE_READ,Image Read sucessfully
2026-02-15T01:24:36.102240,ph_0027,IMAGE_READ,Image Read sucessfully
2026-02-15T01:24:52.406696,ph_0027,ANNOTATED
2026-02-15T01:24:52.546626,ph_0028,IMAGE_READ,Image Read sucessfully
2026-02-15T01:24:58.850622,ph_0029,IMAGE_READ,Image Read sucessfully
2026-02-15T01:24:59.047354,ph_0030,IMAGE_READ,Image Read sucessfully
2026-02-15T01:24:59.246936,ph_0031,IMAGE_READ,Image Read sucessfully
2026-02-15T01:24:59.385332,ph_0032,IMAGE_READ,Image Read sucessfully
2026-02-15T01:24:59.530830,ph_0033,IMAGE_READ,Image Read sucessfully
2026-02-15T01:25:00.033276,ph_0034,IMAGE_READ,Image Read sucessfully
2026-02-15T01:25:00.172592,ph_0035,IMAGE_READ,Image Read sucessfully
2026-02-15T01:25:15.795191,ph_0035,ANNOTATED
2026-02-15T01:25:15.938966,ph_0036,IMAGE_READ,Image Read sucessfully
2026-02-15T01:25:18.646610,ph_0036,ANNOTATED
2026-02-15T01:25:18.780489,ph_0037,IMAGE_READ,Image Read sucessfully
2026-02-15T01:25:20.341634,ph_0037,ANNOTATED
2026-02-15T01:25:20.476294,ph_0038,IMAGE_READ,Image Read sucessfully
2026-02-15T01:25:21.855406,ph_0038,ANNOTATED
2026-02-15T01:25:21.994306,ph_0039,IMAGE_READ,Image Read sucessfully
2026-02-15T01:25:23.485074,ph_0039,ANNOTATED
2026-02-15T01:25:23.620238,ph_0040,IMAGE_READ,Image Read sucessfully
2026-02-15T01:25:35.621066,ph_0040,ANNOTATED
2026-02-15T01:25:35.760138,ph_0041,IMAGE_READ,Image Read sucessfully
2026-02-15T01:25:39.795901,ph_0042,IMAGE_READ,Image Read sucessfully
2026-02-15T01:25:50.390485,ph_0042,ANNOTATED
2026-02-15T04:54:28.510814,ph_0001,IMAGE_READ,Image Read sucessfully
2026-02-15T04:56:17.200476,ph_0043,IMAGE_READ,Image Read sucessfully
2026-02-15T04:56:25.528281,ph_0043,IMAGE_READ,Image Read sucessfully
2026-02-15T04:56:43.560808,ph_0043,IMAGE_READ,Image Read sucessfully
2026-02-15T04:56:55.452518,ph_0043,ANNOTATED
2026-02-15T18:00:47.954701,ph_0001,IMAGE_READ,Image Read sucessfully
2026-02-15T18:01:03.660055,ph_0001,ANNOTATED
2026-02-15T18:06:02.996425,ph_0002,IMAGE_READ,Image Read sucessfully
2026-02-15T18:06:33.881952,ph_0002,ANNOTATED
2026-02-15T18:06:33.904237,ph_0003,IMAGE_READ,Image Read sucessfully
2026-02-15T18:06:52.491006,ph_0003,ANNOTATED
2026-02-15T18:06:52.510640,ph_0004,IMAGE_READ,Image Read sucessfully
2026-02-15T18:07:06.308293,ph_0004,ANNOTATED
2026-02-15T18:07:06.327682,ph_0005,IMAGE_READ,Image Read sucessfully
2026-02-15T18:07:23.573821,ph_0005,ANNOTATED
2026-02-15T18:07:23.604113,ph_0006,IMAGE_READ,Image Read sucessfully
2026-02-15T18:07:34.420189,ph_0006,ANNOTATED
